Date,Open,High,Low,Close,Adj Close,Volume,date,z
2019/4/18,65,66,60.32099915,0,62,25764700,2019/4/18,1.286354239
2019/4/22,61,68.90000153,59.93999863,0.007307336,65.69999695,9949700,2019/4/22,1.258910398
2019/4/23,66.87000275,74.16899872,65.55000305,0.013824702,69,6786500,2019/4/23,1.234433416
2019/4/24,71.40000153,71.5,63.15999985,0.00236995,63.20000076,4973500,2019/4/24,1.277453521
2019/4/25,64.73999786,66.84999847,62.59999847,0.005924872,65,3863300,2019/4/25,1.264102458
2019/4/26,66.12000275,66.98999786,63.59999847,0.008334323,66.22000122,1527400,2019/4/26,1.255053391
2019/4/29,66.52999878,68.5,64.75,0.012185484,68.16999817,1822300,2019/4/29,1.240589756
2019/4/30,68.40000153,72.51999664,66.66999817,0.020677807,72.47000122,4113100,2019/4/30,1.208695513
2019/5/1,72.72000122,76.94999695,70.81600189,0.021250546,72.76000214,3301900,2019/5/1,1.206544501
2019/5/2,72.75,75.88999939,69.69100189,0.026661925,75.5,2525300,2019/5/2,1.186221223
2019/5/3,75,80.25,75,0.033929769,79.18000031,2590300,2019/5/3,1.158925703
2019/5/6,75.01000214,80.79000092,74.5,0.032073305,78.23999786,2051800,2019/5/6,1.165897946
2019/5/7,77.84999847,78.05000305,73.25,0.022376271,73.33000183,1975200,2019/5/7,1.202316665
2019/5/8,74.61000061,78.5,74.02999878,0.030967333,77.68000031,2265500,2019/5/8,1.170051594
2019/5/9,76.84999847,76.98999786,74,0.026089186,75.20999908,1348200,2019/5/9,1.188372236
2019/5/10,75.79000092,79.73999786,74.76999664,0.034818494,79.62999725,1555100,2019/5/10,1.155587958
2019/5/13,77.38999939,77.38999939,70.59999847,0.020816053,72.54000092,2873200,2019/5/13,1.208176307
2019/5/14,74.12000275,76.88500214,73.11000061,0.022001025,73.13999939,1950400,2019/5/14,1.203725963
2019/5/15,73.40000153,80,72.20999908,0.035075248,79.76000214,2426500,2019/5/15,1.154623678
2019/5/16,80.12000275,87.55000305,79.25,0.042264092,83.40000153,4580700,2019/5/16,1.127624855
2019/5/17,82.25,90.27999878,81.87999725,0.055259316,89.98000336,3442500,2019/5/17,1.078819268
2019/5/20,90.09999847,91.45999908,83.26999664,0.044772281,84.66999817,3666800,2019/5/20,1.118204959
2019/5/21,86.62999725,89.69999695,84.5,0.046293007,85.44000244,2576000,2019/5/21,1.112493637
2019/5/22,84.62999725,85.69999695,82,0.040348381,82.43000031,1596400,2019/5/22,1.134819607
2019/5/23,81.25,81.5,77.26000214,0.033100291,78.76000214,2856000,2019/5/23,1.162040939
2019/5/24,80.48000336,81.25,74.19999695,0.028143143,76.25,2946800,2019/5/24,1.180658278
2019/5/28,76.80000305,79.38999939,76.80000305,0.031145072,77.76999664,1641300,2019/5/28,1.169384067
2019/5/29,77,77.93000031,73.58300018,0.027195157,75.76999664,1512100,2019/5/29,1.184218588
2019/5/30,76.68000031,80.97000122,76.59999847,0.036378712,80.41999817,1996000,2019/5/30,1.149728316
2019/5/31,78.76999664,83.16999817,77.77999878,0.035016002,79.73000336,1594300,2019/5/31,1.154846187
2019/6/3,80,81.94000244,75.65000153,0.027451911,75.90000153,1570500,2019/6/3,1.183254308
2019/6/4,78.19999695,78.87999725,76.62000275,0.033060783,78.73999786,1134900,2019/6/4,1.162189316
2019/6/5,80.13999939,80.59999847,76.23999786,0.031678319,78.04000092,1295800,2019/6/5,1.167381375
2019/6/6,77.40000153,79.75,77.02999878,0.034423509,79.43000031,3024000,2019/6/6,1.157071388
2019/6/7,93.66000366,98.88999939,92.5,0.063297392,94.05000305,9487800,2019/6/7,1.048631021
2019/6/10,98.51000214,105.9850006,96,0.078998297,102,4852800,2019/6/10,0.989663823
2019/6/11,101,101.1999969,91.56999969,0.064916856,94.87000275,4372400,2019/6/11,1.042548869
2019/6/12,94.59999847,104.1849976,94,0.080519008,102.7699966,3156900,2019/6/12,0.983952557
2019/6/13,105.0999985,105.1719971,98.55000305,0.076924586,100.9499969,3189100,2019/6/13,0.997451969
2019/6/14,100.4700012,104.5699997,99.25,0.075621122,100.2900009,1889300,2019/6/14,1.002347331
2019/6/17,101,102.4469986,97,0.071315714,98.11000061,2128500,2019/6/17,1.018516961
2019/6/18,100.3899994,102,97.51000214,0.074337397,99.63999939,2272400,2019/6/18,1.007168562
2019/6/19,100.4899979,104.4449997,98.62999725,0.07976853,102.3899994,2592700,2019/6/19,0.986771096
2019/6/20,105.0100021,107.3399963,101.6210022,0.079590791,102.3000031,2460700,2019/6/20,0.987438622
2019/6/21,101.4199982,101.5319977,97.81999969,0.075976615,100.4700012,2972500,2019/6/21,1.001012222
2019/6/24,100.8499985,101.5,88.87999725,0.05413359,89.41000366,6011200,2019/6/24,1.083047104
2019/6/25,89.43000031,91.5,84.62999725,0.045483267,85.02999878,3744500,2019/6/25,1.115534741
2019/6/26,87.91999817,89.08000183,84.60500336,0.048050718,86.33000183,2680000,2019/6/26,1.10589228
2019/6/27,89.69999695,92.33000183,87.80000305,0.05583204,90.26999664,3019500,2019/6/27,1.076668312
2019/6/28,91.76000214,92.19999695,87.25,0.052909111,88.79000092,3228300,2019/6/28,1.087645826
2019/7/1,85.12999725,87.79000092,83.09999847,0.049097443,86.86000061,5306600,2019/7/1,1.101961141
2019/7/2,86.26999664,86.84999847,84,0.04568076,85.12999725,1866000,2019/7/2,1.114793026
2019/7/3,85.44999695,90.59999847,84.51000214,0.056187533,90.44999695,2706100,2019/7/3,1.075333203
2019/7/5,90.13999939,91.97000122,88,0.059011723,91.87999725,2582700,2019/7/5,1.064726519
2019/7/8,91.44000244,92.79000092,89.88999939,0.05679978,90.76000214,1793300,2019/7/8,1.073033814
2019/7/9,90.26999664,91.26999664,89.09999847,0.057135519,90.93000031,1557400,2019/7/9,1.071772893
2019/7/10,91.76000214,93.44999695,91.55000305,0.060670695,92.72000122,2059300,2019/7/10,1.05849599
2019/7/11,92.90000153,93.19999695,90.45200348,0.058063752,91.40000153,1784600,2019/7/11,1.068286772
2019/7/12,93.01000214,94.93000031,91.37000275,0.061816174,93.30000305,2689700,2019/7/12,1.054193966
2019/7/15,94,100.6500015,93.77999878,0.074653397,99.80000305,3835600,2019/7/15,1.005981773
2019/7/16,100.1399994,100.5,96.5,0.069321003,97.09999847,2120100,2019/7/16,1.02600841
2019/7/17,97.62000275,101.9869995,97.54000092,0.074515151,99.73000336,2314100,2019/7/17,1.006500979
2019/7/18,99.23999786,99.5,95.01599884,0.065548842,95.19000244,1948800,2019/7/18,1.040175348
2019/7/19,97.15000153,97.79000092,92.87999725,0.061974159,93.37999725,1747700,2019/7/19,1.053600628
2019/7/22,94.19000244,97.46499634,93.50499725,0.068471771,96.66999817,1483000,2019/7/22,1.029197834
2019/7/23,97.5,98.15000153,93.51999664,0.069893742,97.38999939,2241700,2019/7/23,1.023857398
2019/7/24,97.12000275,97.87999725,94.68499756,0.06703006,95.94000244,1283700,2019/7/24,1.034612403
2019/7/25,95.83999634,99.59999847,95.75,0.069340757,97.11000061,1870300,2019/7/25,1.025934222
2019/7/26,97.94999695,104.4899979,97.83000183,0.079393283,102.1999969,3040700,2019/7/26,0.988180394
2019/7/29,102.5999985,102.9980011,92.09999847,0.068076785,96.47000122,4230300,2019/7/29,1.030681264
2019/7/30,95.19000244,99.34999847,94.02999878,0.06614132,95.48999786,1635500,2019/7/30,1.037950204
2019/7/31,96.43000031,97.5,93.5,0.066180828,95.51000214,1514700,2019/7/31,1.037801827
2019/8/1,95.75,98.66000366,93.80000305,0.065371088,95.09999847,1530400,2019/8/1,1.040842931
2019/8/2,94.91999817,96,92.56600189,0.06252716,93.66000366,1117100,2019/8/2,1.051523748
2019/8/5,90.69999695,91.19000244,87.29000092,0.054686576,89.69000244,1774400,2019/8/5,1.08097028
2019/8/6,91.5,92.29000092,88.09999847,0.05614804,90.43000031,1028700,2019/8/6,1.075481524
2019/8/7,89.01999664,93.16000366,88.01999664,0.060137448,92.44999695,996100,2019/8/7,1.060498682
2019/8/8,93.56999969,95.83999634,93.01999664,0.066694306,95.76999664,925600,2019/8/8,1.03587338
2019/8/9,94.79000092,95.48999786,93.30999756,0.063593623,94.19999695,800500,2019/8/9,1.047518477
2019/8/12,93.05000305,94.18000031,91.11000061,0.059564723,92.16000366,779300,2019/8/12,1.062649638
2019/8/13,92.05999756,96.22299957,92.05999756,0.06606232,95.44999695,1167200,2019/8/13,1.038246901
2019/8/14,93.19999695,94.52200317,89.88999939,0.060532448,92.65000153,1265700,2019/8/14,1.059015196
2019/8/15,92.76999664,93.44000244,89.69000244,0.05656278,90.63999939,1079800,2019/8/15,1.073923906
2019/8/16,92.12000275,95,92.08000183,0.060295448,92.52999878,1259300,2019/8/16,1.059905288
2019/8/19,94.18000031,96.19999695,92.88999939,0.06155942,93.16999817,1226000,2019/8/19,1.055158246
2019/8/20,93,93.56999969,91.13999939,0.058083505,91.41000366,746100,2019/8/20,1.068212583
2019/8/21,92.86000061,94.18099976,92.35399628,0.061243434,93.01000214,760000,2019/8/21,1.056344978
2019/8/22,93.48000336,95.5,91.56999969,0.062961638,93.87999725,883000,2019/8/22,1.049891998
2019/8/23,93.13999939,94.12999725,90.41000366,0.058517983,91.62999725,1368400,2019/8/23,1.066580834
2019/8/26,92.33000183,93.5,91.44999695,0.058774737,91.76000214,697400,2019/8/26,1.065616554
2019/8/27,92.59999847,93.69000244,90.44000244,0.058715491,91.73000336,825800,2019/8/27,1.065839062
2019/8/28,91.16000366,91.37999725,88.71099854,0.055614809,90.16000366,1148300,2019/8/28,1.077484159
2019/8/29,91.5,92.68000031,90.69999695,0.057017027,90.87000275,851800,2019/8/29,1.072217911
2019/8/30,91.81999969,92.41999817,89.01999664,0.058596983,91.66999817,1186100,2019/8/30,1.066284136
2019/9/3,91.5,94.23999786,90.75,0.060157202,92.45999908,1538900,2019/9/3,1.060424494
2019/9/4,93.94999695,96,93.18000031,0.062270405,93.52999878,2400700,2019/9/4,1.052488028
2019/9/5,94.23999786,94.37999725,88.51000214,0.060611448,92.69000244,4991800,2019/9/5,1.058718499
2019/9/6,92,96.5,84.86000061,0.046233761,85.41000366,7289700,2019/9/6,1.112716146
2019/9/9,85.75,85.94000244,77.19999695,0.032883044,78.65000153,6713800,2019/9/9,1.162856842
2019/9/10,77,81.22100067,76.80999756,0.036240466,80.34999847,2813200,2019/9/10,1.150247522
2019/9/11,80,81.86000061,78.5,0.036951452,80.70999908,2013600,2019/9/11,1.147577304
2019/9/12,81.44999695,82.65000153,79.90000153,0.038570916,81.52999878,1955100,2019/9/12,1.141495152
2019/9/13,81.56999969,82.47599792,78.26999664,0.03327803,78.84999847,1416800,2019/9/13,1.161373412
2019/9/16,78.5,80.98999786,78.26000214,0.036872452,80.66999817,1630100,2019/9/16,1.147874001
2019/9/17,81.48999786,84.81999969,79.52999878,0.044713035,84.63999939,2539900,2019/9/17,1.118427468
2019/9/18,84.40000153,86,83.5,0.044535296,84.55000305,1835400,2019/9/18,1.119094994
2019/9/19,85.19999695,85.34999847,83.25,0.044673543,84.62000275,1266600,2019/9/19,1.118575788
2019/9/20,85,85.34999847,81.5,0.040743366,82.62999725,2050100,2019/9/20,1.133336177
2019/9/23,82.29000092,83.59999847,81.80000305,0.040723628,82.62000275,677000,2019/9/23,1.133410309
2019/9/24,82.43000031,82.93000031,79.45999908,0.035588726,80.01999664,2145400,2019/9/24,1.152695231
2019/9/25,79.12000275,79.98999786,76.08000183,0.034759248,79.59999847,1924100,2019/9/25,1.155810467
2019/9/26,79.25,80.62000275,78.61499786,0.035055494,79.75,920000,2019/9/26,1.154697867
2019/9/27,79.69000244,79.82499695,75.08999634,0.027728404,76.04000092,2347400,2019/9/27,1.182215896
2019/9/30,76.12999725,77,74.29000092,0.02804439,76.19999695,1356500,2019/9/30,1.181029164
2019/10/1,76.43000031,77.48999786,75.20999908,0.027274157,75.80999756,1378100,2019/10/1,1.183921891
2019/10/2,74.5,75.77999878,73.66000366,0.023403243,73.84999847,1388700,2019/10/2,1.198459714
2019/10/3,73.90000153,78.48999786,73.38999939,0.029288622,76.83000183,2605800,2019/10/3,1.176356254
2019/10/4,77,77.78299713,75.27999878,0.028696129,76.52999878,1799500,2019/10/4,1.178581454
2019/10/7,76.98999786,77.43000031,75,0.029604608,76.98999786,1432200,2019/10/7,1.175169521
2019/10/8,76.01000214,76.35399628,72.58000183,0.022889749,73.58999634,3156600,2019/10/8,1.200388218
2019/10/9,74.22000122,75.05999756,72.75,0.021448039,72.86000061,1490100,2019/10/9,1.205802786
2019/10/10,72.86000061,73.77999878,71.01000214,0.017794371,71.01000214,2282200,2019/10/10,1.219524707
2019/10/11,71.37000275,72.88999939,70.90200043,0.018465849,71.34999847,2391800,2019/10/11,1.217002865
2019/10/14,70.45999908,71.23999786,69.55000305,0.017379631,70.80000305,2218100,2019/10/14,1.221082325
2019/10/15,68.76000214,71.26999664,68.37999725,0.017991863,71.11000061,10576600,2019/10/15,1.218782992
2019/10/16,69.69999695,69.94999695,66.51000214,0.011237513,67.69000244,6061400,2019/10/16,1.244150009
2019/10/17,67.08999634,68,66.76000214,0.009934033,67.02999878,3496800,2019/10/17,1.249045428
2019/10/18,66.26000214,66.93000031,64.52999878,0.00805783,66.08000183,4819400,2019/10/18,1.256091803
2019/10/21,65.29000092,66.5,64.15799713,0.007445583,65.76999664,3076500,2019/10/21,1.258391192
2019/10/22,64.19999695,64.59999847,61.02000046,0,62,4584700,2019/10/22,1.286354239
2019/10/23,61.33000183,63.74000168,60.9679985,0.0001185,62.06000137,3589200,2019/10/23,1.285909193
2019/10/24,63,65.94000244,62.75999832,0.004976886,64.51999664,3433300,2019/10/24,1.267662768
2019/10/25,64.33000183,64.98999786,62.79000092,0.00286369,63.45000076,1921900,2019/10/25,1.275599206
2019/10/28,63.95999908,67.47000122,62.25999832,0.009005801,66.55999756,3509300,2019/10/28,1.25253155
2019/10/29,65.76999664,67.11000061,64.80000305,0.006892597,65.48999786,1825300,2019/10/29,1.260468016
2019/10/30,65.97000122,70.08999634,65.66000366,0.015799659,70,4670300,2019/10/30,1.227016156
2019/10/31,69.51999664,70.08000183,66.59999847,0.015582413,69.88999939,3405300,2019/10/31,1.227832059
2019/11/1,69.86000061,70.55000305,68.01999664,0.016569892,70.38999939,3561800,2019/11/1,1.224123429
2019/11/4,70.80999756,70.84999847,69.01000214,0.01603666,70.12000275,1563100,2019/11/4,1.226126064
2019/11/5,70.70999908,70.84999847,66.68000031,0.009657541,66.88999939,1805900,2019/11/5,1.25008384
2019/11/6,66.94999695,67.12999725,65.36000061,0.009539048,66.83000183,1327400,2019/11/6,1.250528858
2019/11/7,67.02999878,68.68000031,66.20999908,0.00949954,66.80999756,1128200,2019/11/7,1.250677234
2019/11/8,66.54000092,70,66.51999664,0.015503413,69.84999847,1472400,2019/11/8,1.228128756
2019/11/11,69.51000214,70.19000244,67.76000214,0.012619977,68.38999939,1037500,2019/11/11,1.238957949
2019/11/12,68.5,70.05000305,67.55999756,0.011849745,68,1911000,2019/11/12,1.241850676
2019/11/13,68,68.50800323,66.87000275,0.011869498,68.01000214,1987000,2019/11/13,1.241776488
2019/11/14,67.76999664,68.15000153,66.70999908,0.011336251,67.73999786,932500,2019/11/14,1.24377918
2019/11/15,68.12999725,71.09999847,67.91000366,0.015819413,70.01000214,2311800,2019/11/15,1.226941967
2019/11/18,70.47000122,71.13999939,68.77999878,0.01595766,70.08000183,1676000,2019/11/18,1.226422761
2019/11/19,70.19000244,70.33200073,68.19000244,0.015088674,69.63999939,1704700,2019/11/19,1.229686374
2019/11/20,69.25,71.70999908,68.55000305,0.017754863,70.98999786,2780700,2019/11/20,1.219673084
2019/11/21,71.5,71.94999695,69.58000183,0.015641659,69.91999817,1127000,2019/11/21,1.22760955
2019/11/22,72,74,71.15000153,0.022040532,73.16000366,3051900,2019/11/22,1.203577586
2019/11/25,73.80000305,75.05999756,72.86000061,0.024785722,74.55000305,1936400,2019/11/25,1.193267598
2019/11/26,75,75.76999664,74.76000214,0.025990447,75.16000366,1836500,2019/11/26,1.188743065
2019/11/27,75.80999756,75.83999634,73.36000061,0.023857489,74.08000183,1355900,2019/11/27,1.19675372
2019/11/29,74.09999847,74.94000244,73.86000061,0.024686968,74.5,512600,2019/11/29,1.193638484
2019/12/2,74.05999756,74.5,68.45999908,0.013686456,68.93000031,3138600,2019/12/2,1.234952622
2019/12/3,66.72000122,70.52999878,66.05000305,0.015839152,70.01999664,2444200,2019/12/3,1.226867835
2019/12/4,70.5,70.90000153,69.15000153,0.015720659,69.95999908,2076500,2019/12/4,1.227312853
2019/12/5,70.02999878,70.75,69.22000122,0.01514792,69.66999817,3672600,2019/12/5,1.229463865
2019/12/6,64.26000214,65.08000183,62.11000061,0.001461472,62.74000168,11253600,2019/12/6,1.280865454
2019/12/9,62.38999939,67.26999664,62.33000183,0.007781337,65.94000244,5234100,2019/12/9,1.257130215
2019/12/10,65.48999786,65.83000183,63.38999939,0.00507564,64.56999969,3895700,2019/12/10,1.267291882
2019/12/11,64.23999786,64.44999695,62.04999924,0.003001936,63.52000046,3685600,2019/12/11,1.27508
2019/12/12,63.49000168,64.23000336,62.11999893,0.000967732,62.49000168,3317300,2019/12/12,1.282719769
2019/12/13,62.5,63.75,62.02000046,0.003041436,63.54000092,2489400,2019/12/13,1.274931651
2019/12/16,63.59000015,66.38999939,63.56000137,0.008591062,66.34999847,3282800,2019/12/16,1.254089167
2019/12/17,66.62000275,66.62000275,65.40000153,0.008235569,66.16999817,2301000,2019/12/17,1.255424277
2019/12/18,66.22000122,68.13999939,66.04000092,0.011059759,67.59999847,2237000,2019/12/18,1.244817592
2019/12/19,67.75,68.45999908,67.09999847,0.012205238,68.18000031,1610500,2019/12/19,1.240515567
2019/12/20,68.19999695,68.48000336,66.41500092,0.009736541,66.93000031,2201400,2019/12/20,1.249787143
2019/12/23,67.01999664,67.5,65.93000031,0.008196076,66.15000153,1663500,2019/12/23,1.255572597
2019/12/24,66.30000305,66.88500214,65.73999786,0.008808308,66.45999908,562600,2019/12/24,1.253273264
2019/12/26,66.5,68.19000244,66.30000305,0.010763512,67.44999695,1387600,2019/12/26,1.245930192
2019/12/27,67.51000214,67.95999908,66.51000214,0.009163801,66.63999939,955400,2019/12/27,1.251938155
2019/12/30,66.55999756,67.18000031,65.51999664,0.009460048,66.79000092,1162700,2019/12/30,1.250825555
2019/12/31,66.37999725,68.18000031,66.30999756,0.011928745,68.04000092,1351400,2019/12/31,1.241553979
2020/1/2,68.80000305,69.23500061,68.01999664,0.013271716,68.72000122,1315500,2020/1/2,1.23651024
2020/1/3,67.62000275,68.68000031,67.09999847,0.010427773,67.27999878,1127900,2020/1/3,1.247191113
2020/1/6,66.62999725,70.49500275,65.81199646,0.016431645,70.31999969,3151600,2020/1/6,1.224642635
2020/1/7,70.29000092,72.83899689,69.37000275,0.019552082,71.90000153,6985400,2020/1/7,1.21292335
2020/1/8,71.80999756,73.29000092,71.02999878,0.020835807,72.55000305,2482300,2020/1/8,1.208102119
2020/1/9,73.98999786,74,71.34999847,0.020974053,72.62000275,2772000,2020/1/9,1.207582913
2020/1/10,73.08000183,73.80000305,72.25,0.021902271,73.08999634,1655100,2020/1/10,1.204096848
2020/1/13,73.88999939,75.58000183,73.80000305,0.023758736,74.02999878,3347100,2020/1/13,1.197124605
2020/1/14,74.31999969,75.11499786,72.26000214,0.022040532,73.16000366,1909500,2020/1/14,1.203577586
2020/1/15,73.27999878,77.77999878,73.19999695,0.029505869,76.94000244,3963500,2020/1/15,1.17554035
2020/1/16,78,78.79000092,75.11000061,0.027866651,76.11000061,2998300,2020/1/16,1.18169669
2020/1/17,76.66000366,76.90000153,75.48999786,0.026780418,75.55999756,1357400,2020/1/17,1.185776206
2020/1/21,75.55999756,77.12000275,74.31999969,0.02909113,76.73000336,1606700,2020/1/21,1.177097968
2020/1/22,77.06999969,77.10600281,75.45999908,0.026740925,75.54000092,1501600,2020/1/22,1.185924526
2020/1/23,75.66999817,75.97000122,74.20999908,0.024627722,74.47000122,1279000,2020/1/23,1.193860993
2020/1/24,74.97000122,76.18499756,72.375,0.021724532,73,1660200,2020/1/24,1.204764374
2020/1/27,71.33000183,72.13200378,70.31999969,0.016668646,70.44000244,1750700,2020/1/27,1.223752543
2020/1/28,71,72.48000336,70.26000214,0.018781849,71.51000214,1598200,2020/1/28,1.215816077
2020/1/29,72.51000214,74.13999939,71.21299744,0.022870011,73.58000183,1373400,2020/1/29,1.20046235
2020/1/30,73.09999847,74.80000305,72.55000305,0.024765968,74.54000092,1425400,2020/1/30,1.193341787
2020/1/31,74.26999664,76.66999817,73.30000305,0.028241897,76.30000305,2521700,2020/1/31,1.180287393
2020/2/3,77.69000244,88.94000244,77.51000214,0.050677415,87.66000366,12941300,2020/2/3,1.09602731
2020/2/4,91.04000092,93.30000305,83.5,0.046984239,85.79000092,10611000,2020/2/4,1.109897607
2020/2/5,85.76999664,90.97000122,83.75499725,0.049354182,86.98999786,5126800,2020/2/5,1.100996917
2020/2/6,87,89.44000244,85.26000214,0.049887429,87.26000214,2410800,2020/2/6,1.098994225
2020/2/7,87.23000336,90.59999847,86.80999756,0.052612865,88.63999939,2636600,2020/2/7,1.088758426
2020/2/10,89.08999634,89.98000336,86.91000366,0.054647069,89.66999817,2071600,2020/2/10,1.081118657
2020/2/11,90,90.5,87.93000031,0.052691865,88.68000031,2731900,2020/2/11,1.088461729
2020/2/12,88.66000366,89.5,86.51999664,0.051901879,88.27999878,1671100,2020/2/12,1.091428645
2020/2/13,87.61000061,91.93000031,87,0.055022315,89.86000061,3406400,2020/2/13,1.07970936
2020/2/14,90.87999725,91.70999908,89.80999756,0.057175012,90.94999695,2295000,2020/2/14,1.071624573
2020/2/18,93.01999664,98.13999939,92.40000153,0.067918785,96.38999939,5608200,2020/2/18,1.031274658
2020/2/19,100.3199997,105.0800018,99.75,0.082809966,103.9300003,7793800,2020/2/19,0.975348508
2020/2/20,104,110.75,101.4300003,0.085495909,105.2900009,11293200,2020/2/20,0.96526103
2020/2/21,104.0299988,104.2900009,98.08999634,0.078524312,101.7600021,5519200,2020/2/21,0.99144395
2020/2/24,97.80000305,110,97.01999664,0.084942923,105.0100021,12172800,2020/2/24,0.967337853
2020/2/25,108.5199966,111.8000031,104.4660034,0.089031085,107.0800018,13425900,2020/2/25,0.951984127
2020/2/26,109.9430008,111.3000031,105.5999985,0.088636084,106.8799973,6867500,2020/2/26,0.953467613
2020/2/27,109.4300003,118,107.5999985,0.101809062,113.5500031,13511800,2020/2/27,0.903994443
2020/2/28,121.0699997,121.9300003,97.37000275,0.08492317,105,21617100,2020/2/28,0.967412042
2020/3/2,109.3499985,114.5,102.5,0.100940076,113.1100006,10157400,2020/3/2,0.907258055
2020/3/3,114.5500031,119.1999969,112.1100006,0.109550891,117.4700012,11033700,2020/3/3,0.874918796
2020/3/4,118.5100021,119.9700012,113.1100006,0.108227673,116.8000031,12102600,2020/3/4,0.879888347
2020/3/5,110.25,129.8300018,110,0.124422318,125,28149400,2020/3/5,0.819066834
2020/3/6,119.6500015,122,107,0.103329772,114.3199997,22975700,2020/3/6,0.898283177
2020/3/9,105,116.5,100.8799973,0.102204047,113.75,14571300,2020/3/9,0.902511013
2020/3/10,113.8000031,113.8000031,105,0.091815767,108.4899979,10244000,2020/3/10,0.941525819
2020/3/11,108.4100037,113.9899979,107,0.09539045,110.3000031,12576700,2020/3/11,0.928100539
2020/3/12,106.25,113.8710022,104.3899994,0.093751232,109.4700012,12097900,2020/3/12,0.934256879
2020/3/13,113,113.8000031,104.1600037,0.089801317,107.4700012,9233500,2020/3/13,0.9490914
2020/3/16,105,119.8700027,103.1999969,0.090571549,107.8600006,17210700,2020/3/16,0.946198673
2020/3/17,107.3300018,113.8300018,102,0.096970407,111.0999985,18721500,2020/3/17,0.922166765
2020/3/18,111,119,108.8499985,0.111999834,118.7099991,13594300,2020/3/18,0.865721409
2020/3/19,122.9499969,132.2299957,119.0999985,0.121993114,123.7699966,16248400,2020/3/19,0.828190089
2020/3/20,129,135.9799957,124,0.135383338,130.5500031,13872600,2020/3/20,0.777901016
2020/3/23,141.996994,164.9400024,137.25,0.192676842,159.5599976,27681500,2020/3/23,0.562726333
2020/3/24,154,155,133.8800049,0.144527371,135.1799927,22401300,2020/3/24,0.743559177
2020/3/25,140.1049957,149,136.1999969,0.150314011,138.1100006,14743000,2020/3/25,0.721826546
2020/3/26,140.5099945,146.6499939,138.1999969,0.156317869,141.1499939,9252700,2020/3/26,0.699278124
2020/3/27,145.6999969,154.9700012,145.6000061,0.177153676,151.6999969,13271900,2020/3/27,0.621026004
2020/3/30,160.7599945,161.6900024,147.1999969,0.175534226,150.8800049,15762200,2020/3/30,0.627108099
2020/3/31,147.0200043,149.7899933,143.3569946,0.16613341,146.1199951,10023700,2020/3/31,0.662414331
2020/4/1,144.5,144.6000061,135.1799927,0.148121808,137,11453300,2020/4/1,0.730059709
2020/4/2,125.3000031,133.4889984,114.5,0.1183592,121.9300003,27313800,2020/4/2,0.841837821
2020/4/3,124.3000031,128.4799957,120.1100006,0.130742176,128.1999969,12238100,2020/4/3,0.795331623
2020/4/6,113.6299973,125.1750031,108.5299988,0.120353911,122.9400024,25378900,2020/4/6,0.834346372
2020/4/7,118.0049973,118.4400024,109.5709991,0.102204047,113.75,20166200,2020/4/7,0.902511013
2020/4/8,115.0199966,125.8779984,112.5,0.11022237,117.8099976,26243300,2020/4/8,0.872396954
2020/4/9,117.8000031,125.5,114,0.123454593,124.5100021,15513000,2020/4/9,0.822701276
2020/4/13,127,136.8600006,125.6039963,0.14598885,135.9199982,15411700,2020/4/13,0.738070364
2020/4/14,141.0700073,145.1999969,139.0099945,0.157779348,141.8899994,11679900,2020/4/14,0.69378931
2020/4/15,141.7100067,152.5700073,140,0.176877183,151.5599976,14193300,2020/4/15,0.622064416
2020/4/16,149.9199982,154.25,146.8000031,0.174309732,150.2599945,15138200,2020/4/16,0.631706877
2020/4/17,147.9100037,153.7890015,144.0299988,0.173914747,150.0599976,11328400,2020/4/17,0.633190306
2020/4/20,153.3000031,155,148.2539978,0.171801558,148.9900055,11218700,2020/4/20,0.641126716
2020/4/21,151.4199982,154.75,138.3600006,0.160504799,143.2700043,9709100,2020/4/21,0.683553455
2020/4/22,147.1000061,152.2799988,145.1000061,0.174289994,150.25,6520700,2020/4/22,0.631781009
2020/4/23,154.0099945,169.75,153.4900055,0.211498184,169.0899963,22159800,2020/4/23,0.49203985
2020/4/24,177.1499939,181.5,158.3000031,0.191175886,158.8000031,43814100,2020/4/24,0.56836341
2020/4/27,156.5899963,167.8500061,155,0.202630645,164.6000061,19783700,2020/4/27,0.525343277
2020/4/28,165,166,155.25,0.187067971,156.7200012,13477800,2020/4/28,0.583791325
2020/4/29,147.9799957,151,143.3800049,0.166844396,146.4799957,22033300,2020/4/29,0.659744112
2020/4/30,139.9900055,143.8000031,133.6799927,0.144507632,135.1699982,16682300,2020/4/30,0.743633309
2020/5/1,136,141.6300049,132.6699982,0.151202736,138.5599976,13807000,2020/5/1,0.718488801
2020/5/4,140.7700043,144.9799957,140.4499969,0.160840538,143.4400024,9184700,2020/5/4,0.682292534
2020/5/5,144.4299927,148.4400024,140.8600006,0.163565989,144.8200073,7376300,2020/5/5,0.672056679
2020/5/6,145.4700012,150.7400055,144.0899963,0.172986514,149.5899963,6031100,2020/5/6,0.636676428
2020/5/7,154.8399963,162,154.0399933,0.189200928,157.8000031,8388900,2020/5/7,0.57578067
2020/5/8,160,161.1600037,152.7050018,0.184461012,155.3999939,7071800,2020/5/8,0.593582163
2020/5/11,159.4299927,168,158,0.206343544,166.4799957,10142700,2020/5/11,0.511398904
2020/5/12,168,168.2299957,160.0500031,0.195599771,161.0399933,7102600,2020/5/12,0.551748819
2020/5/13,163.6100006,171.5,159.1699982,0.207647023,167.1399994,11081300,2020/5/13,0.506503485
2020/5/14,168.2599945,170.8000031,162.8899994,0.209167749,167.9100037,6730500,2020/5/14,0.500792163
2020/5/15,166.75,175.4400024,166.5599976,0.222834451,174.8300018,8540500,2020/5/15,0.449464735
2020/5/18,170.0299988,173.4400024,162.6419983,0.202808384,164.6900024,9608300,2020/5/18,0.524675751
2020/5/19,167,173.8600006,166.2100067,0.220563232,173.6799927,8485500,2020/5/19,0.457994652
2020/5/20,173.5299988,175.6399994,170.5299988,0.224118161,175.4799957,6910000,2020/5/20,0.444643561
2020/5/21,175.9600067,177.8000031,168.3600006,0.217304564,172.0299988,5525300,2020/5/21,0.470233087
2020/5/22,171.8600006,175.8899994,170.1999969,0.215388853,171.0599976,4302200,2020/5/22,0.477427838
2020/5/26,169.1000061,169.6900024,163.1199951,0.201445658,164,6689700,2020/5/26,0.529793678
2020/5/27,158.0099945,162.2200012,149.1600037,0.197436497,161.9700012,10076700,2020/5/27,0.544850708
2020/5/28,159.2299957,169.3999939,159.1999969,0.200556933,163.5500031,6386800,2020/5/28,0.533131423
2020/5/29,168,179.9900055,167.8600006,0.232017991,179.4799957,15219600,2020/5/29,0.414974519
2020/6/1,183.1799927,205.8699951,183,0.280740187,204.1499939,24394400,2020/6/1,0.231990719
2020/6/2,210.25,212.6900024,197.3200073,0.288501786,208.0800018,36853400,2020/6/2,0.202840827
2020/6/3,211.6999969,224.4600067,202.3200073,0.31968635,223.8699951,32390100,2020/6/3,0.085722335
2020/6/4,221,223,207.6000061,0.292984947,210.3500061,20212600,2020/6/4,0.186003614
2020/6/5,200.1100006,208.9400024,196.1000061,0.287553814,207.6000061,16298700,2020/6/5,0.20640108
2020/6/8,204.3500061,211.4400024,198.6600037,0.291957961,209.8300018,10457500,2020/6/8,0.189860621
2020/6/9,209.8300018,210.5899963,202.9299927,0.28326813,205.4299927,7521800,2020/6/9,0.222496635
2020/6/10,208.8899994,221.5299988,208.2599945,0.31405774,221.0200043,12241100,2020/6/10,0.106861459
2020/6/11,219.1799927,232,218.5,0.316131451,222.0700073,17615800,2020/6/11,0.099073313
2020/6/12,224.7899933,231.4499969,216.75,0.311095303,219.5200043,8780400,2020/6/12,0.11798735
2020/6/15,227.8399963,239.5899963,226.3800049,0.349606973,239.0200043,13959100,2020/6/15,0.026649228
2020/6/16,235.9900055,243.5,231.8209991,0.356598309,242.5599976,11333300,2020/6/16,0.05290628
2020/6/17,243.1799927,243.8800049,235.1199951,0.34514355,236.7599945,11704300,2020/6/17,0.009886147
2020/6/18,240.3899994,242.6100006,238.2200012,0.354643121,241.5700073,9340900,2020/6/18,0.045563265
2020/6/19,241.6399994,243.5700073,238.7039948,0.358415267,243.4799957,10077500,2020/6/19,0.059730146
2020/6/22,247.4649963,254.8999939,247.2899933,0.373800202,251.2700043,11093700,2020/6/22,0.117510668
2020/6/23,251.2599945,254.7749939,247.5700073,0.376841623,252.8099976,8791500,2020/6/23,0.128933199
2020/6/24,254.5,258.75,248.6000061,0.382944234,255.8999939,9862800,2020/6/24,0.151852507
2020/6/25,258.230011,260.2900085,252.6600037,0.390073862,259.5100098,7490500,2020/6/25,0.178628934
2020/6/26,260.519989,261.6199951,250.3600006,0.384721684,256.7999878,17142900,2020/6/26,0.158527996
2020/6/29,254.9700012,255.8999939,243.5899963,0.368448054,248.5599976,8436400,2020/6/29,0.097409843
2020/6/30,249.8699951,256.8299866,248.3500061,0.378283334,253.5399933,6305500,2020/6/30,0.134347768
2020/7/1,251.3500061,261,247.2100067,0.389323369,259.1300049,6803300,2020/7/1,0.175810339
2020/7/2,261,263.7999878,258,0.394477979,261.7399902,5629000,2020/7/2,0.19516928
2020/7/6,265,275.0799866,259.3200073,0.393016529,261,12250200,2020/7/6,0.18968058
2020/7/7,261.5499878,266.4500122,258.1000061,0.395188995,262.1000061,7819700,2020/7/7,0.197839612
2020/7/8,263.7999878,268.5280151,261.2900085,0.403523317,266.3200073,6012900,2020/7/8,0.22914046
2020/7/9,269.0100098,272.7000122,264.2200012,0.409843145,269.519989,5396000,2020/7/9,0.252875557
2020/7/10,271.769989,278.1600037,268.6400146,0.422384137,275.8699951,6354800,2020/7/10,0.299975206
2020/7/13,278.6300049,281,256.3380127,0.391634035,260.2999878,9293000,2020/7/13,0.184488407
2020/7/14,260.9599915,265.3299866,240.4499969,0.391061341,260.0100098,8713100,2020/7/14,0.182337565
2020/7/15,253.6999969,257.5,248.1199951,0.383576235,256.2200012,6073600,2020/7/15,0.154226084
2020/7/16,250.3899994,253,243.4299927,0.368408546,248.5399933,5420100,2020/7/16,0.097261466
2020/7/17,247.1699982,250.9369965,241.2899933,0.364458632,246.5399933,4626600,2020/7/17,0.082426945
2020/7/20,246.4869995,271.3500061,245.9900055,0.40798668,268.5799866,9784900,2020/7/20,0.245903314
2020/7/21,268.75,269.75,258.2000122,0.391910558,260.4400024,4756600,2020/7/21,0.185526932
2020/7/22,261.9500122,265.3999939,255.8099976,0.393372007,261.1799927,4581600,2020/7/22,0.191015632
2020/7/23,260.8399963,264.8999939,249.2100067,0.374254434,251.5,4589400,2020/7/23,0.119216606
2020/7/24,246.1999969,250.2100067,237.1999969,0.364498139,246.5599976,4303200,2020/7/24,0.082575322
2020/7/27,249.2799988,252.9700012,246.2200012,0.375893652,252.3300018,3328600,2020/7/27,0.125372946
2020/7/28,252.6999969,258.9100037,251.3200073,0.37559739,252.1799927,3366200,2020/7/28,0.124260289
2020/7/29,255.5500031,259.9299927,251.1499939,0.376012145,252.3899994,3333700,2020/7/29,0.125817963
2020/7/30,250.3139954,256.3259888,239.3200073,0.371291998,250,7926100,2020/7/30,0.108090716
2020/7/31,253.5,255.1999969,248.3600006,0.379014088,253.9100037,3378800,2020/7/31,0.137092231
2020/8/3,256.8299866,271.1000061,256.1099854,0.406841231,268,6779300,2020/8/3,0.241601403
2020/8/4,268,269.1900024,262,0.405537752,267.3399963,3087300,2020/8/4,0.236705984
2020/8/5,266.2900085,275.0939941,262.519989,0.416518511,272.8999939,4514900,2020/8/5,0.277945933
2020/8/6,273.8699951,274.480011,263.9100037,0.407334971,268.25,3602900,2020/8/6,0.243455718
2020/8/7,266.4500122,268,252.7899933,0.388533398,258.730011,5024700,2020/8/7,0.17284348
2020/8/10,259.1400146,261.4400024,244.5399933,0.371291998,250,5714000,2020/8/10,0.108090716
2020/8/11,245.4799957,245.4799957,230,0.333846791,231.0399933,9730500,2020/8/11,0.032540591
2020/8/12,232.3000031,239.3999939,230.75,0.345064565,236.7200012,3924600,2020/8/12,0.009589507
2020/8/13,238.1499939,250.1000061,238.1499939,0.365860865,247.25,4749700,2020/8/13,0.087693249
2020/8/14,249.4400024,252.4299927,242.3999939,0.361239471,244.9100037,3662800,2020/8/14,0.070336887
2020/8/17,248.6999969,267.9400024,248.5099945,0.403187548,266.1499939,8959200,2020/8/17,0.227879426
2020/8/18,271.7200012,277.7799988,265.5,0.424220833,276.7999878,6517000,2020/8/18,0.306873204
2020/8/19,274.6849976,279.5899963,270.321991,0.417723266,273.5100098,4674000,2020/8/19,0.28247058
2020/8/20,274.4500122,290.8800049,273.9899902,0.45165302,290.6900024,9318400,2020/8/20,0.409899059
2020/8/21,291,295.9700012,286.9440002,0.449658294,289.6799927,5250100,2020/8/21,0.402407554
2020/8/24,293,293.8699951,274.1059875,0.435043621,282.2799988,6463500,2020/8/24,0.347519872
2020/8/25,279,293.7219849,275.8099976,0.451159281,290.4400024,4602900,2020/8/25,0.408044744
2020/8/26,293,302,290.8500061,0.460698299,295.269989,5692100,2020/8/26,0.443870012
2020/8/27,295.6900024,301.519989,290.3299866,0.459533081,294.6799927,5560600,2020/8/27,0.439493856
2020/8/28,299.2200012,303.5799866,297.2600098,0.468598129,299.269989,5342300,2020/8/28,0.473539054
2020/8/31,304.0100098,325.8999939,301.269989,0.519611313,325.1000061,23468100,2020/8/31,0.665127017
2020/9/1,439.5100098,478,410.6799927,0.781470912,457.6900024,53226200,2020/9/1,1.648581545
2020/9/2,445.6700134,445.6700134,410,0.714065605,423.5599976,18866800,2020/9/2,1.395430412
2020/9/3,399.5499878,409.8999939,367,0.630643422,381.3200073,20304300,2020/9/3,1.082125405
2020/9/4,375.5,386.0100098,346.7600098,0.608069673,369.8900146,13230100,2020/9/4,0.997346173
2020/9/8,350.7000122,365.5,345.6799927,0.570525713,350.8800049,7966500,2020/9/8,0.856343981
2020/9/9,369.75,394.7990112,362.1229858,0.647094791,389.6499939,17325800,2020/9/9,1.143911085
2020/9/10,400,407.8200073,378.3599854,0.636884295,384.480011,11932100,2020/9/10,1.105563975
2020/9/11,389.1300049,400.75,373.0499878,0.633961336,383,9297600,2020/9/11,1.094586348
2020/9/14,391.7449951,404.3599854,386.1300049,0.674467732,403.5100098,7963100,2020/9/14,1.246714431
2020/9/15,410,413.5,391.0499878,0.689141652,410.9400024,8495600,2020/9/15,1.301824622
2020/9/16,406.2739868,419.4200134,404.2200012,0.683671041,408.1700134,6739800,2020/9/16,1.281278892
2020/9/17,389,417.8200073,387,0.693456929,413.125,9260400,2020/9/17,1.318031318
2020/9/18,419.7999878,442,407.5,0.744025736,438.730011,22315700,2020/9/18,1.507950352
2020/9/21,434,470,434,0.80276095,468.4700012,16843800,2020/9/21,1.728539603
2020/9/22,477,494.8999939,458.75,0.850416683,492.6000061,16440600,2020/9/22,1.907518133
2020/9/23,489.4899902,529.7399902,483.2529907,0.866078081,500.5299988,27051300,2020/9/23,1.966336953
2020/9/24,487.0100098,502.25,457.6900024,0.795868368,464.980011,17896600,2020/9/24,1.702653437
2020/9/25,474.8699951,500,474.8699951,0.858119005,496.5,12906800,2020/9/25,1.936445403
2020/9/28,502.4100037,519.7700195,479.5700073,0.840660388,487.6600037,17621300,2020/9/28,1.870876848
2020/9/29,488.1300049,489.7999878,463,0.796895324,465.5,15211300,2020/9/29,1.706510331
2020/9/30,464.2099915,481.5549927,462,0.805999849,470.1099854,8971100,2020/9/30,1.740703793
2020/10/1,477,483.730011,465,0.831437311,482.9899902,7859300,2020/10/1,1.836238143
2020/10/2,485.0050049,507.4899902,481,0.829936384,482.230011,12791700,2020/10/2,1.830601179
2020/10/5,493.9700012,496.8999939,475.2600098,0.836137719,485.3699951,7534700,2020/10/5,1.853891259
2020/10/6,480.5100098,487.8999939,473.2229919,0.822076032,478.25,6097700,2020/10/6,1.801080401
2020/10/7,482.5,487.5,477.1099854,0.826736902,480.6099854,4449500,2020/10/7,1.818585027
2020/10/8,484,489.4899902,475.5799866,0.822668495,478.5499878,4193100,2020/10/8,1.803305489
2020/10/9,487.9899902,498.8999939,484.0799866,0.850041436,492.4100037,8719700,2020/10/9,1.906108835
2020/10/12,501.4299927,506.1099854,490.4779968,0.848323233,491.5400085,6979500,2020/10/12,1.899655855
2020/10/13,494,520,493,0.902140763,518.789978,8941500,2020/10/13,2.101775974
2020/10/14,518.7800293,519.7999878,498.6000061,0.883299712,509.25,8308900,2020/10/14,2.031015473
2020/10/15,509.0799866,540.0499878,506.5,0.936919855,536.4000244,16520600,2020/10/15,2.232394274
2020/10/16,544,565.4500122,543.25,0.981553845,559,13745800,2020/10/16,2.400024178
2020/10/19,572.5,588.8400269,562.5499878,1,568.3400269,15193200,2020/10/19,2.469301589
2020/10/20,572.3300171,575.6900024,534.5900269,0.938144319,537.0200195,12098200,2020/10/20,2.236992939
2020/10/21,535.8800049,551.6599731,511.7799988,0.891081049,513.1900024,9215400,2020/10/21,2.060239497
2020/10/22,521.7800293,530.4299927,503.4700012,0.905596938,520.539978,8100900,2020/10/22,2.11475618
2020/10/23,522.3300171,527,505.4100037,0.887782844,511.519989,5377100,2020/10/23,2.047852573
2020/10/26,520.4890137,541.1049805,510.3099976,0.900165805,517.789978,10080800,2020/10/26,2.094358714
2020/10/27,525.2199707,540,513.2999878,0.942034927,538.9899902,7227600,2020/10/27,2.251604725
2020/10/28,549.5,553.8590088,511.5,0.896650444,516.0100098,8810100,2020/10/28,2.081156226
2020/10/29,521.1900024,525.4550171,483.5,0.844649781,489.6799927,9207600,2020/10/29,1.885859633
2020/10/30,481.5,495.9500122,457.019989,0.787830277,460.9100037,8697800,2020/10/30,1.672465133
2020/11/2,462.2900085,477,440,0.772208357,453,8051900,2020/11/2,1.613794576
2020/11/3,456.3280029,461.8800049,445.0100098,0.769265689,451.5100098,6497000,2020/11/3,1.60274293
2020/11/4,471.9200134,484.9400024,455.3999939,0.832839574,483.7000122,8048500,2020/11/4,1.841504561
2020/11/5,497.9899902,499.3500061,480.7609863,0.858573267,496.730011,6379900,2020/11/5,1.938151455
2020/11/6,494.6600037,505.8800049,482.730011,0.865248572,500.1099854,4266000,2020/11/6,1.963221605
2020/11/9,433,446.4700012,402,0.69368403,413.2399902,18033500,2020/11/9,1.31888423
2020/11/10,412.5039978,414.4500122,366.2799988,0.620156403,376.0100098,20751900,2020/11/10,1.04273977
2020/11/11,391.6499939,419.7999878,385,0.693881538,413.3399963,16691100,2020/11/11,1.319626001
2020/11/12,427.8500061,435.75,419.6099854,0.724098422,428.6400146,14910000,2020/11/12,1.433110221
2020/11/13,425.9899902,428.4689941,396.8699951,0.674605934,403.5799866,11732200,2020/11/13,1.247233468
2020/11/16,382.6000061,400.7999878,375.1000061,0.665856887,399.1499939,12054400,2020/11/16,1.214375058
2020/11/17,406.2900085,411.5,396.3200073,0.670754803,401.6300049,6972100,2020/11/17,1.232769946
2020/11/18,399,423.5,390.2200012,0.697238989,415.0400085,10974200,2020/11/18,1.332235435
2020/11/19,408.9899902,427.8900146,407.5,0.695757771,414.2900085,8007000,2020/11/19,1.326672489
2020/11/20,418.5499878,445.2999878,415.5599976,0.745743939,439.6000061,12586600,2020/11/20,1.514403332
2020/11/23,432.0100098,436.5130005,417.8800049,0.727337321,430.2799988,8486000,2020/11/23,1.445274411
2020/11/24,421.5050049,438.8320007,420.0100098,0.721945666,427.5499878,6148400,2020/11/24,1.425025208
2020/11/25,435.8500061,448.480011,433.3299866,0.753880754,443.7200012,8763700,2020/11/25,1.544962409
2020/11/27,453.9899902,472.0400085,449,0.808962285,471.6099854,7276400,2020/11/27,1.751829683
2020/11/30,485.7000122,486.8299866,460,0.822293248,478.3599854,16646500,2020/11/30,1.801896191
2020/12/1,434.7200012,434.9899902,401.7200012,0.679997589,406.3099976,20837500,2020/12/1,1.26748267
2020/12/2,399,424.5499878,394.5700073,0.692933536,412.8599854,10962800,2020/12/2,1.316065635
2020/12/3,413,419.1700134,405.019989,0.694276553,413.5400085,6306700,2020/12/3,1.321109544
2020/12/4,409.2600098,418.8800049,408.1860046,0.687304956,410.0100098,4447300,2020/12/4,1.294926624
2020/12/7,411,416.7999878,405.45401,0.68303904,407.8500061,4427300,2020/12/7,1.278905314
2020/12/8,408.8699951,419.5,406.75,0.691235102,412,5319400,2020/12/8,1.3096869
2020/12/9,406.7479858,409.9899902,381.5,0.638622207,385.3599854,8956700,2020/12/9,1.112090974
2020/12/10,382.730011,399,380.269989,0.663506683,397.9599915,4572100,2020/12/10,1.2055485
2020/12/11,395.3500061,397.3389893,384.6140137,0.661630509,397.0100098,4677400,2020/12/11,1.198502239
2020/12/14,388.9500122,396.75,376.6799927,0.659616014,395.9899902,6820100,2020/12/14,1.190936488
2020/12/15,398.5050049,410.3200073,395.0799866,0.666409872,399.4299927,5144700,2020/12/15,1.216451882
2020/12/16,400.4859924,406.5580139,393.4599915,0.675435442,404,4158500,2020/12/16,1.250348817
2020/12/17,408.7200012,409.0299988,399.5599976,0.670735034,401.6199951,3792500,2020/12/17,1.232695701
2020/12/18,403.7999878,408.1099854,398.25,0.679405126,406.0100098,6174800,2020/12/18,1.265257582
2020/12/21,418.0700073,427.7590027,404.5799866,0.685250983,408.9700012,8557400,2020/12/21,1.28721261
2020/12/22,408.5,413.5,396.5,0.685310229,409,4211000,2020/12/22,1.287435119
2020/12/23,402,402.6000061,378.5799866,0.635699308,383.8800049,9554400,2020/12/23,1.101113574
2020/12/24,383.8800049,384.8800049,375,0.618497446,375.1700134,3850700,2020/12/24,1.036509299
2020/12/28,370.3999939,373.2799988,349.019989,0.571532961,351.3900146,9454800,2020/12/28,0.860126856
2020/12/29,350.6600037,359.9070129,350.1300049,0.576193831,353.75,6080300,2020/12/29,0.877631482
2020/12/30,358.4200134,358.7000122,345.3999939,0.575502584,353.3999939,5474500,2020/12/30,0.875035395
2020/12/31,351.769989,351.8299866,336.1000061,0.543745295,337.3200073,6559700,2020/12/31,0.755765948
2021/1/4,340.3999939,363.0899963,339.2000122,0.588497838,359.980011,8598300,2021/1/4,0.923841095
2021/1/5,360.3900146,365.0100098,349,0.590176503,360.8299866,4983500,2021/1/5,0.930145586
2021/1/6,351,352.9400024,341.9200134,0.557747736,344.4100037,7124600,2021/1/6,0.808354297
2021/1/7,346,354.480011,341.6000061,0.55397556,342.5,5601200,2021/1/7,0.794187302
2021/1/8,345.2000122,350,340.3399963,0.568017479,349.6099854,5009200,2021/1/8,0.846923915
2021/1/11,344.980011,349.9599915,336.8500061,0.544515497,337.7099915,3360400,2021/1/11,0.758658562
2021/1/12,333.2000122,358.8999939,331.1000061,0.582237196,356.8099976,8934400,2021/1/12,0.90032828
2021/1/13,360,384.230011,348.651001,0.597681378,364.6300049,14056500,2021/1/13,0.958331311
2021/1/14,371,384.9500122,370.5,0.634435307,383.2399902,9311000,2021/1/14,1.096366418
2021/1/15,397.7099915,404.4400024,382.0700073,0.636983019,384.5299988,12799500,2021/1/15,1.105934748
2021/1/19,391.0100098,396.769989,385.5100098,0.655429114,393.8699951,5709400,2021/1/19,1.175211933
2021/1/20,399.1099854,399.5299988,378.3190002,0.633566321,382.7999878,5713900,2021/1/20,1.093102806
2021/1/21,383.0299988,387.2099915,372.0299988,0.633586089,382.8099976,5180800,2021/1/21,1.093177051
2021/1/22,380.9899902,385.2900085,376.3800049,0.634751307,383.3999939,2791600,2021/1/22,1.097553207
2021/1/25,388.9899902,398.7999878,378.269989,0.651400184,391.8299866,5178100,2021/1/25,1.160080658
2021/1/26,391.0799866,395.8200073,372.2000122,0.616956982,374.3900146,5151300,2021/1/26,1.030723845
2021/1/27,367.5,384.2539978,362.7659912,0.609748339,370.7399902,4557500,2021/1/27,1.003650663
2021/1/28,368,383.3139954,363.8599854,0.625251767,378.5899963,3374200,2021/1/28,1.061876203
2021/1/29,379,385.9100037,358.6199951,0.612375066,372.0700073,3959000,2021/1/29,1.013515746
2021/2/1,369,382.7799988,368.1300049,0.631848117,381.9299927,3443900,2021/2/1,1.086649825
2021/2/2,384.5,394.8900146,378.6799927,0.651419953,391.8399963,3780100,2021/2/2,1.160154903
2021/2/3,395.7900085,395.7900085,379,0.628964696,380.4700012,3433100,2021/2/3,1.075820688
2021/2/4,383.5,390,376.8699951,0.647746561,389.980011,2528100,2021/2/4,1.146358907
2021/2/5,387.8599854,420,387.8599854,0.706225021,419.5899963,9759100,2021/2/5,1.365983879
2021/2/8,420.7399902,422,406.5,0.688884898,410.8099976,3731500,2021/2/8,1.300860342
2021/2/9,411.6950073,434.6700134,410.3129883,0.726843582,430.0299988,5115400,2021/2/9,1.443420096
2021/2/10,431.8900146,441.2200012,416.1440125,0.728759293,431,4738300,2021/2/10,1.450614847
2021/2/11,433.9899902,443.75,429.5100098,0.732254946,432.769989,3502600,2021/2/11,1.463743317
2021/2/12,431.519989,435,423.1300049,0.732926424,433.1099854,2077800,2021/2/12,1.466265158
2021/2/16,438.7969971,451.769989,436.7000122,0.755440987,444.5100098,4249200,2021/2/16,1.550822108
2021/2/17,440.019989,441.2000122,418.25,0.725638887,429.4200134,4006500,2021/2/17,1.438895675
2021/2/18,426.75,428.8800049,414,0.702907107,417.9100037,2645300,2021/2/18,1.353522936
2021/2/19,419.2200012,425.9899902,414.5,0.701623397,417.2600098,2195000,2021/2/19,1.348701762
2021/2/22,408.5,411.7200012,390.6000061,0.656357346,394.3399963,4340300,2021/2/22,1.178698054
2021/2/23,371.0100098,389.9899902,351.8099976,0.644152124,388.1600037,5558200,2021/2/23,1.132859439
2021/2/24,383.1300049,388.6749878,375.6199951,0.638365513,385.230011,3442400,2021/2/24,1.11112692
2021/2/25,383.7799988,387.6549988,361.0100098,0.597878886,364.730011,4585100,2021/2/25,0.959073082
2021/2/26,367.9500122,377.0939941,356.17099,0.615416457,373.6099854,4702400,2021/2/26,1.024938164
2021/3/1,388.6600037,416.2000122,387.0100098,0.686613709,409.6600037,10044700,2021/3/1,1.292330538
2021/3/2,439.6000061,440,371.8200073,0.613797038,372.7900085,18156600,2021/3/2,1.018856183
2021/3/3,383,383.25,339,0.552138864,341.5700073,15526000,2021/3/3,0.787289304
2021/3/4,347.7999878,358.2999878,333,0.555140778,343.0899963,10328100,2021/3/4,0.798563459
2021/3/5,345.3900146,347.75,314.3800049,0.543962511,337.4299927,8255500,2021/3/5,0.756581738
2021/3/8,334.9899902,339.3500061,309,0.491626139,310.9299927,6899100,2021/3/8,0.560024337
2021/3/9,331.9500122,343.5759888,320.7999878,0.553205298,342.1099854,5705200,2021/3/9,0.791294462
2021/3/10,347.9899902,355.6900024,333.0100098,0.541197583,336.0299988,4730000,2021/3/10,0.746197618
2021/3/11,347.9899902,357.3980103,338.7999878,0.578998297,355.1700134,3915400,2021/3/11,0.888164091
2021/3/12,342.0100098,350.4400024,338.4299927,0.561658173,346.3900146,2960800,2021/3/12,0.823040554
2021/3/15,347.0759888,351.5599976,343.5,0.568787741,350,1988200,2021/3/15,0.849816755
2021/3/16,351.9899902,355.4899902,333.6900024,0.539321349,335.0799866,3333200,2021/3/16,0.73915113
2021/3/17,328.5700073,340.5400085,322.6600037,0.542422047,336.6499939,3593200,2021/3/17,0.750796284
2021/3/18,330,330.3299866,316,0.502271189,316.3200073,5434400,2021/3/18,0.600003479
2021/3/19,316.8299866,327.9769897,313.6300049,0.521902271,326.2600098,4981400,2021/3/19,0.673731066
2021/3/22,329.4500122,333.8900146,327.0100098,0.526326156,328.5,2947900,2021/3/22,0.690345657
2021/3/23,330,347.3999939,329.3519897,0.548564196,339.7600098,5723800,2021/3/23,0.773864081
2021/3/24,338.6749878,339.9899902,314.3500061,0.499585216,314.9599915,4924500,2021/3/24,0.589915888
2021/3/25,310.9500122,320.6300049,308.3099976,0.499367999,314.8500061,3564800,2021/3/25,0.589100098
2021/3/26,312.8900146,320,306.75,0.509440294,319.9500122,3219800,2021/3/26,0.626928171
2021/3/29,317.0700073,322.9700012,305.7799988,0.486609791,308.3900146,3041400,2021/3/29,0.541184659
2021/3/30,305,314.8800049,302.3200073,0.496089563,313.1900024,2837100,2021/3/30,0.576787418
2021/3/31,315.2349854,325.7399902,311.1300049,0.51208673,321.2900085,2773200,2021/3/31,0.636867273
2021/4/1,325.980011,338.9100037,325.5,0.521843024,326.230011,2853900,2021/4/1,0.673508557
2021/4/5,327.8299866,328.5,313.1000061,0.517359832,323.9599915,3024700,2021/4/5,0.656671231
2021/4/6,323.75,332.6600037,321.6600037,0.528873868,329.7900085,3767100,2021/4/6,0.699913986
2021/4/7,329.1099854,333.4400024,319.230011,0.51562186,323.0799866,4197700,2021/4/7,0.650144006
2021/4/8,326.8500061,333.9899902,326,0.531816535,331.2799988,2821500,2021/4/8,0.710965632
2021/4/9,329.1029968,329.8200073,319.4200134,0.514772643,322.6499939,3216500,2021/4/9,0.646954638
2021/4/12,318.1000061,322.3800049,315.1900024,0.512521223,321.5100098,2964500,2021/4/12,0.638499079
2021/4/13,327.3580017,343.7080078,325.5,0.5544693,342.75,5298200,2021/4/13,0.796041617
2021/4/14,344.7200012,345.019989,328.6300049,0.52770865,329.2000122,2844900,2021/4/14,0.695537829
2021/4/15,334.144989,338.4200134,327.4599915,0.533989001,332.3800049,3360700,2021/4/15,0.719124663
2021/4/16,330.269989,333.75,326.8699951,0.529189868,329.9500122,2476500,2021/4/16,0.701100775
2021/4/19,327.519989,337.7950134,320.5,0.518090557,324.3299866,3131900,2021/4/19,0.659415581
2021/4/20,326.730011,327.5499878,316.3599854,0.51305444,321.7799988,2282500,2021/4/20,0.640501658
2021/4/21,317.0100098,323.1099854,313.5,0.51498992,322.7600098,1917500,2021/4/21,0.647770654
2021/4/22,322.6650085,338.0499878,322.6650085,0.525970678,328.3200073,3328300,2021/4/22,0.689010604
2021/4/23,331.4899902,338.5499878,328.2399902,0.542876309,336.8800049,2454300,2021/4/23,0.752502335
2021/4/26,337.5100098,338,329.2099915,0.541967845,336.4200134,2286700,2021/4/26,0.749090459
2021/4/27,336.3900146,341.6799927,330.8900146,0.536181174,333.4899902,2208300,2021/4/27,0.727357714
2021/4/28,330.2399902,334.7009888,326.0450134,0.531757289,331.25,1437600,2021/4/28,0.710743123
2021/4/29,331.1600037,332.5,318.8900146,0.511711483,321.1000061,3121100,2021/4/29,0.635457975
2021/4/30,318.0299988,326.2789917,317.2399902,0.508689801,319.5700073,2152500,2021/4/30,0.624109576
2021/5/3,320.2399902,321.125,311.5299988,0.497531303,313.9200134,2253000,2021/5/3,0.5822021
2021/5/4,310.9599915,311.5,298.769989,0.479618425,304.8500061,3727600,2021/5/4,0.514927494
2021/5/5,306.5299988,310.980011,294.5,0.465280215,297.5899963,2582600,2021/5/5,0.461078111
2021/5/6,295.2000122,295.2000122,285.6099854,0.456313891,293.0499878,3369100,2021/5/6,0.427403685
2021/5/7,295.4370117,304.696991,292.7099915,0.460639053,295.2399902,2446200,2021/5/7,0.443647503
2021/5/10,293.0100098,293.9400024,286.0400085,0.44730809,288.4899902,2507800,2021/5/10,0.393580996
2021/5/11,273.9100037,302,273.2000122,0.470533609,300.25,4084400,2021/5/11,0.48080805
2021/5/12,291.0499878,296.5299988,282.4049988,0.449697832,289.7000122,3419800,2021/5/12,0.402556044
2021/5/13,293.980011,296.6099854,275.7999878,0.450606295,290.1600037,4608500,2021/5/13,0.40596792
2021/5/14,292.1499939,309.1799927,292.1499939,0.485622312,307.8900146,4357300,2021/5/14,0.537476029
2021/5/17,304.8299866,311.9100037,301.9299927,0.487676225,308.9299927,2905600,2021/5/17,0.545189816
2021/5/18,309.4100037,322.25,304.9700012,0.495437793,312.8599854,3311900,2021/5/18,0.574339595
2021/5/19,301.5799866,311.5100098,299,0.490697907,310.4599915,1728400,2021/5/19,0.556538216
2021/5/20,314.25,325.9500122,313.0299988,0.518841051,324.7099915,3029400,2021/5/20,0.662234176
2021/5/21,328.2099915,329.4500122,316.0610046,0.502429159,316.3999939,2057300,2021/5/21,0.600596761
2021/5/24,318.519989,324.0299988,316.5,0.512619947,321.5599976,1855000,2021/5/24,0.638869851
2021/5/25,322.7099915,325.5100098,316.0799866,0.512066961,321.2799988,2160100,2021/5/25,0.636793028
2021/5/26,324.2999878,329.4599915,323.2399902,0.521487486,326.0499878,2374300,2021/5/26,0.672173278
2021/5/27,324.1099854,331,317.5499878,0.52223798,326.4299927,3622100,2021/5/27,0.674991873
2021/5/28,330.5100098,336.3299866,329.6300049,0.532310275,331.5299988,2745700,2021/5/28,0.712819947
2021/6/1,333.3299866,336.1400146,321.7000122,0.524785692,327.7200012,6607100,2021/6/1,0.684560203
2021/6/2,331.8840027,333.7900085,322.2099915,0.523580936,327.1099854,6252100,2021/6/2,0.680035556
2021/6/3,320.1140137,325.8299866,318.25,0.507583829,319.0100098,3107300,2021/6/3,0.619955928
2021/6/4,321.5910034,338.9899902,319.769989,0.541138337,336,5604900,2021/6/4,0.74597511
2021/6/7,332.6700134,344.9299927,331.1229858,0.554291561,342.6600037,4538700,2021/6/7,0.795374091
2021/6/8,343,350.1499939,339.2200012,0.551526632,341.2600098,2842700,2021/6/8,0.784989972
2021/6/9,330.6300049,340.3399963,330.230011,0.536457697,333.6300049,2721200,2021/6/9,0.728396239
2021/6/10,332.0499878,346.8800049,331,0.56187539,346.5,2809200,2021/6/10,0.823856344
2021/6/11,347.6400146,367.9599915,345.1000061,0.601177031,366.3999939,6783400,2021/6/11,0.97145978
2021/6/14,361.8699951,369.5769958,359.3989868,0.600209321,365.9100037,3444300,2021/6/14,0.967825395
2021/6/15,364.5,364.5,357.0480042,0.586562358,359,2587900,2021/6/15,0.916572099
2021/6/16,357.8150024,366.8299866,355.4100037,0.592151461,361.8299866,2669200,2021/6/16,0.937562846
2021/6/17,358.2049866,374.519989,358.2049866,0.614113038,372.9500122,3416600,2021/6/17,1.020042972
2021/6/18,374.0100098,379.8900146,370.9299927,0.61666069,374.2399902,4569100,2021/6/18,1.029611075
2021/6/21,368.7799988,372.6239929,363.2900085,0.606805671,369.25,1896900,2021/6/21,0.992599018
2021/6/22,368.5100098,377,368.5,0.61747043,374.6499939,1999000,2021/6/22,1.032652179
2021/6/23,375,382.7099915,373.9899902,0.621953622,376.9200134,2358900,2021/6/23,1.049489505
2021/6/24,378.4500122,382.5,372.3200073,0.615001733,373.3999939,2438900,2021/6/24,1.023380603
2021/6/25,374.0700073,374.0799866,364.0799866,0.613165037,372.4700012,3647200,2021/6/25,1.016482605
2021/6/28,375.9400024,393.3299866,374.5,0.645534558,388.8599854,3459900,2021/6/28,1.138051385
2021/6/29,388.8500061,395.4400024,382.769989,0.657127609,394.730011,2582700,2021/6/29,1.181590894
2021/6/30,395,395.4320068,385.5400085,0.641920412,387.0299988,2249400,2021/6/30,1.124477899
2021/7/1,386.1199951,390.1099854,382,0.64083421,386.480011,1468000,2021/7/1,1.120398496
2021/7/2,390.480011,398.7200012,386.5499878,0.645593864,388.8900146,2065000,2021/7/2,1.138274121
2021/7/6,392.5799866,403.4700012,391.5599976,0.669747555,401.1199951,3436200,2021/7/6,1.22898707
2021/7/7,403.8599854,406.480011,393.2999878,0.655508129,393.9100037,2026600,2021/7/7,1.175508686
2021/7/8,386,390.5,377.5,0.639905977,386.0100098,2748900,2021/7/8,1.116912374
2021/7/9,381.019989,387.5299988,377.7919922,0.638069221,385.0799866,1918200,2021/7/9,1.11001415
2021/7/12,385.4100037,390.8800049,378.269989,0.626298492,379.1199951,1902500,2021/7/12,1.065807342
2021/7/13,379.0400085,384.5,375.4100037,0.624856811,378.3900146,1757400,2021/7/13,1.060392886
2021/7/14,380.7999878,381.3099976,360.4500122,0.58974201,360.6099854,2599600,2021/7/14,0.928513779
2021/7/15,363.9299927,368.5759888,355.3500061,0.582237196,356.8099976,2399700,2021/7/15,0.90032828
2021/7/16,359.8699951,365.5,354.3399963,0.592427984,361.9700012,1887100,2021/7/16,0.938601371
2021/7/19,356.3299866,357.5,343.8200073,0.577082586,354.2000122,7787600,2021/7/19,0.880969339
2021/7/20,357.8250122,359.2399902,347.0799866,0.580262239,355.8099976,4061100,2021/7/20,0.89291102
2021/7/21,355.3399963,355.7999878,348.3330078,0.574653367,352.9700012,2953400,2021/7/21,0.871846028
2021/7/22,357.0299988,367.1000061,356.2099915,0.591282535,361.3900146,3096000,2021/7/22,0.93429946
2021/7/23,361.6000061,362.5,351,0.58701662,359.230011,2874300,2021/7/23,0.91827815
2021/7/26,366.480011,375.8299866,362.5,0.614488285,373.1400146,3842000,2021/7/26,1.021452269
2021/7/27,374.7600098,377.6990051,357.8699951,0.603428511,367.5400085,3080000,2021/7/27,0.979915566
2021/7/28,368.4809875,374.144989,364.230011,0.607279642,369.4899902,1870700,2021/7/28,0.994379088
2021/7/29,376.0700073,396.894989,375,0.639925686,386.019989,6662100,2021/7/29,1.116986393
2021/7/30,380.5100098,392,377.5299988,0.624284057,378.1000061,2872500,2021/7/30,1.058241818
2021/8/2,378,382.4200134,364,0.625982491,378.9599915,3163600,2021/8/2,1.064620553
2021/8/3,378.1300049,385.6199951,371.5889893,0.617924691,374.8800049,2190900,2021/8/3,1.03435823
2021/8/4,376.8800049,403,376.5,0.668681061,400.5799866,5563800,2021/8/4,1.224981686
2021/8/5,395.7330017,404.3479919,391.8200073,0.664928654,398.6799927,3427600,2021/8/5,1.210888937
2021/8/6,392.2999878,395,380.7000122,0.634889569,383.4700012,3092000,2021/8/6,1.09807247
2021/8/9,384.9299927,385.5,378.2000122,0.634632815,383.3399963,2306600,2021/8/9,1.09710819
2021/8/10,385.7000122,392.7799988,371.5799866,0.613323007,372.5499878,2806500,2021/8/10,1.017075887
2021/8/11,374.9200134,375.980011,352.7449951,0.585693372,358.5599976,3510800,2021/8/11,0.913308486
2021/8/12,358.3399963,364.1499939,355.019989,0.594185665,362.8599854,2063300,2021/8/12,0.945202615
2021/8/13,362.2200012,363.3900146,353.5899963,0.579136499,355.2399902,1745600,2021/8/13,0.888683127
2021/8/16,354.6000061,355,342.5700073,0.565647566,348.4100037,2405500,2021/8/16,0.838023338
2021/8/17,345.5,349.4599915,341.29599,0.559979448,345.5400085,1991500,2021/8/17,0.816735837
2021/8/18,345.5,346.9700012,339.0499878,0.550874863,340.9299927,2092700,2021/8/18,0.782542149
2021/8/19,336.2399902,337.9899902,331.4500122,0.533989001,332.3800049,2476000,2021/8/19,0.719124663
2021/8/20,333.4500122,344.3599854,333.4500122,0.542836771,336.8599854,2356200,2021/8/20,0.752353845
2021/8/23,338.2250061,342.4899902,336.7900085,0.551605587,341.2999878,2147300,2021/8/23,0.785286499
2021/8/24,344.4159851,346.3299866,337.7600098,0.549531906,340.25,1778100,2021/8/24,0.777498466
2021/8/25,341.6400146,344.0499878,336.7909851,0.544574743,337.7399902,2039200,2021/8/25,0.75888107
2021/8/26,350.75,357.9299927,340.25,0.550282399,340.6300049,4849000,2021/8/26,0.780317061
2021/8/27,343.8800049,344.7799988,337.6499939,0.550637877,340.8099976,3096200,2021/8/27,0.781652114
2021/8/30,341.7000122,348.2999878,339.6499939,0.563850347,347.5,10094400,2021/8/30,0.831273604
2021/8/31,294,295.8699951,288.2999878,0.449302816,289.5,34582900,2021/8/31,0.401072501
2021/9/1,292.8500061,299.3999939,290.0499878,0.451988729,290.8599854,14996000,2021/9/1,0.411159867
2021/9/2,292.7999878,296.6900024,290.4100037,0.460342821,295.0899963,6645200,2021/9/2,0.44253496
2021/9/3,295.3250122,301.8049927,292.0299988,0.466662709,298.2900085,6127900,2021/9/3,0.466270283
2021/9/7,298.2950134,300.980011,294.7999878,0.469960854,299.9599915,4251900,2021/9/7,0.478656982
2021/9/8,299.5499878,299.9599915,290.5299988,0.457400154,293.6000061,3934400,2021/9/8,0.431483314
2021/9/9,292.1600037,297.5700073,291.1300049,0.461863517,295.8599854,3350100,2021/9/9,0.448246169
2021/9/10,296.9100037,306.2630005,296.8099976,0.473002305,301.5,6094900,2021/9/10,0.490079626
2021/9/13,300.1600037,300.2749939,289.8200073,0.450764265,290.2399902,4916100,2021/9/13,0.406561201
2021/9/14,290.3380127,291.8800049,280.9200134,0.433384664,281.4400024,6036800,2021/9/14,0.341289401
2021/9/15,282.3299866,283.0700073,277.019989,0.428802748,279.1199951,4647400,2021/9/15,0.324081302
2021/9/16,277.6799927,279.2900085,273.5,0.427025299,278.2200012,4676300,2021/9/16,0.317405813
2021/9/17,279.7900085,287.7799988,278.3699951,0.445708379,287.6799927,5423400,2021/9/17,0.387573033
2021/9/20,278.6499939,285,276.9100037,0.431863969,280.6700134,3905300,2021/9/20,0.335578192
2021/9/21,281.0270081,281.1700134,275.0650024,0.427064776,278.2399902,4168300,2021/9/21,0.317554077
2021/9/22,276.2000122,279.3900146,275.25,0.426492082,277.9500122,2973700,2021/9/22,0.315403234
2021/9/23,279.9100037,280.3590088,275.4500122,0.423016138,276.1900024,2867900,2021/9/23,0.302348783
2021/9/24,274.6400146,275.8999939,267.1910095,0.415452017,272.3599854,4051700,2021/9/24,0.273940549
2021/9/27,269.4899902,275.2399902,266.1099854,0.416479033,272.8800049,3084100,2021/9/27,0.27779767
2021/9/28,269.4899902,270.6149902,259.7999878,0.39477427,261.8900146,5212900,2021/9/28,0.19628205
2021/9/29,262.3200073,266.8599854,256.8800049,0.385926439,257.4100037,4316300,2021/9/29,0.163052642
2021/9/30,257.3869934,264.8789978,255.25,0.394004008,261.5,4733100,2021/9/30,0.19338921
2021/10/1,268.7709961,274.5700073,262.7000122,0.405873521,267.5100098,8664800,2021/10/1,0.237967018
2021/10/4,264.2399902,264.572998,253.4100037,0.390212063,259.5799866,5004600,2021/10/4,0.179147971
2021/10/5,259.8399963,262.7399902,256.8500061,0.385353685,257.1199951,3712100,2021/10/5,0.160901573
2021/10/6,251.3000031,257.8800049,250.1100006,0.37850058,253.6499939,3905500,2021/10/6,0.135163671
2021/10/7,254.4299927,258.480011,253.8099976,0.383674959,256.269989,2672200,2021/10/7,0.154596857
2021/10/8,257.230011,260.5400085,253.6329956,0.381265539,255.0500031,2265300,2021/10/8,0.145547903
2021/10/11,252.1799927,258.4100037,252,0.379132581,253.9700012,1722500,2021/10/11,0.137537248
2021/10/12,255.2700043,257.3399963,253.1000061,0.382134525,255.4900055,3061100,2021/10/12,0.148811516
2021/10/13,257.7399902,268.2799988,257.3039856,0.403365287,266.2399902,3764800,2021/10/13,0.228546952
2021/10/14,270.5,274,266.8399963,0.404886043,267.0100098,3063900,2021/10/14,0.234258387
2021/10/15,267,267.980011,264.2529907,0.403523317,266.3200073,2796400,2021/10/15,0.22914046
2021/10/18,265.6700134,274.8299866,265.5,0.419145238,274.230011,2649200,2021/10/18,0.287811016
2021/10/19,274.5299988,279.8099976,273.8299866,0.423430862,276.3999939,2379400,2021/10/19,0.303906345
2021/10/20,277.3500061,280.2000122,272.6749878,0.422068136,275.7099915,1740700,2021/10/20,0.298788417
2021/10/21,273.6400146,278.1400146,272.6000061,0.42023144,274.7799988,1496600,2021/10/21,0.291890419
2021/10/22,283.5100098,286.6600037,276.1199951,0.425761297,277.5799866,3320500,2021/10/22,0.312658658
2021/10/25,276.0400085,282.980011,275.7200012,0.430125996,279.7900085,2925600,2021/10/25,0.329050966
2021/10/26,283.3299866,286.9400024,277.769989,0.4279733,278.7000122,2422000,2021/10/26,0.320966179
2021/10/27,278.9400024,282.480011,272.25,0.416340772,272.8099976,3104800,2021/10/27,0.277278407
2021/10/28,271.1600037,278.2600098,269.2099915,0.42378634,276.5799866,1594800,2021/10/28,0.305241397
2021/10/29,272.019989,276.6140137,271.5979919,0.419974686,274.6499939,1493800,2021/10/29,0.290926139
2021/11/1,273.2000122,279.4700012,271.3439941,0.42844727,278.9400024,2773200,2021/11/1,0.32274625
2021/11/2,281.0960083,286.4500122,276.269989,0.431113475,280.2900085,2092700,2021/11/2,0.332759596
2021/11/3,280.2200012,286.0499878,274.0249939,0.441718987,285.6600037,2435800,2021/11/3,0.372590248
2021/11/4,286.2179871,291.3099976,280.730011,0.434885651,282.2000122,1986800,2021/11/4,0.346926591
2021/11/5,267.1000061,275.6400146,259.769989,0.400323896,264.7000122,5421000,2021/11/5,0.217124534
2021/11/8,262.6499939,263.1799927,257.9400024,0.390844064,259.8999939,3944100,2021/11/8,0.181521548
2021/11/9,260.9899902,265.6600037,257.5700073,0.387881628,258.3999939,3022500,2021/11/9,0.170395658
2021/11/10,257.0100098,259.4700012,249,0.373780433,251.2599945,4903900,2021/11/10,0.117436423
2021/11/11,251.2700043,253.1900024,245.1600037,0.366552112,247.6000061,3286200,2021/11/11,0.090289336
2021/11/12,248.3800049,255.1399994,245.5299988,0.381107538,254.9700012,3173600,2021/11/12,0.144954509
2021/11/15,255,265.3299866,255,0.398368647,263.7099915,3994900,2021/11/15,0.209781292
2021/11/16,263,268.8800049,261.2099915,0.399909111,264.4899902,1972000,2021/11/16,0.215566746
2021/11/17,264,266.1900024,261.519989,0.398368647,263.7099915,2417300,2021/11/17,0.209781292
2021/11/18,260.8800049,263.5,254.5800018,0.382648003,255.75,2353700,2021/11/18,0.150739963
2021/11/19,262.2399902,265.230011,249.3300018,0.373859448,251.3000031,3877500,2021/11/19,0.117733177
2021/11/22,249.2599945,251.6999969,238.1999969,0.356045324,242.2799988,8012800,2021/11/22,0.050829456
2021/11/23,218.0500031,218.6100006,195.8000031,0.285657842,206.6399994,25297500,2021/11/23,0.2135217
2021/11/24,203.8970032,211.5,202.0200043,0.288936279,208.3000031,9218600,2021/11/24,0.20120902
2021/11/26,235.6999969,235.9700012,219.2100067,0.312458029,220.2100067,10808600,2021/11/26,0.112869422
2021/11/29,216.4299927,219.3600006,208.4600067,0.310028809,218.9799957,7035400,2021/11/29,0.121992734
2021/11/30,220.6600037,221.4049988,207.3999939,0.295078397,211.4100037,5916200,2021/11/30,0.178141336
2021/12/1,211.4199982,211.5,196.2660065,0.268021487,197.7100067,7560800,2021/12/1,0.279757781
2021/12/2,195.4400024,198.4900055,188.3699951,0.256250727,191.75,6610800,2021/12/2,0.323964702
2021/12/3,187.7299957,187.8300018,177.1199951,0.240786807,183.9199982,8934200,2021/12/3,0.382041865
2021/12/6,180.6349945,186.1300049,175.2700043,0.244578721,185.8399963,4157900,2021/12/6,0.367800739
2021/12/7,187.8500061,190.8650055,185.5800018,0.250938087,189.0599976,3988300,2021/12/7,0.343917151
2021/12/8,188.2899933,195.9799957,184.3000031,0.262392846,194.8600006,3320800,2021/12/8,0.300897018
2021/12/9,195.1649933,198.5099945,185.6499939,0.249377884,188.2700043,3797200,2021/12/9,0.349776737
2021/12/10,188.2700043,191.3600006,183.9100037,0.243413504,185.25,2174600,2021/12/10,0.372176895
2021/12/13,181.8600006,188.9700012,181,0.242070547,184.5700073,2767800,2021/12/13,0.377220578
2021/12/14,180.5700073,183.4199982,178.8000031,0.236876399,181.9400024,3511200,2021/12/14,0.396728009
2021/12/15,181.1300049,185.4649963,174.6600037,0.24041156,183.7299957,4792300,2021/12/15,0.383451163
2021/12/16,183.7899933,185.7200012,177,0.237784863,182.3999939,4224400,2021/12/16,0.393316132
2021/12/17,184.1199951,201.6900024,183.3549957,0.272030648,199.7400055,10512600,2021/12/17,0.264700751
2021/12/20,205,205.2200012,197.0200043,0.268534965,197.9700012,7774100,2021/12/20,0.277829334
2021/12/21,199.0399933,200.5299988,191.6699982,0.271398647,199.4199982,4246800,2021/12/21,0.267074329
2021/12/22,197.0500031,200.25,190.4199982,0.258976178,193.1300049,2865900,2021/12/22,0.313728847
2021/12/23,191,193.4100037,186.6499939,0.256053219,191.6499939,3106600,2021/12/23,0.324706474
2021/12/27,189.5399933,190.4400024,185.6600037,0.247738665,187.4400024,3068500,2021/12/27,0.355933077
2021/12/28,186.6000061,190.6300049,183.0899963,0.240490575,183.7700043,3129100,2021/12/28,0.383154409
2021/12/29,184,185.2140045,179.7850037,0.236619645,181.8099976,2565700,2021/12/29,0.397692289
2021/12/30,182.3200073,192.9100037,180.8399963,0.253821538,190.5200043,4141900,2021/12/30,0.333087901
2021/12/31,189.1999969,191.6109924,183.6199951,0.240767068,183.9100037,2817400,2021/12/31,0.382115997
